id,firstName,lastName,email
1,Kenneth,Anderson,Kenneth.Anderson@email.com
2,John,Hurse,John.Hurse@email.com
3,Josephine,Ferrell,Josephine.Ferrell@email.com
4,Christine,Kleinschmidt,Christine.Kleinschmidt@email.com
5,Ruth,Wills,Ruth.Wills@email.com
6,Amy,Coleman,Amy.Coleman@email.com
7,Tammy,Kelso,Tammy.Kelso@email.com
8,Brian,Treffert,Brian.Treffert@email.com
9,William,Hogston,William.Hogston@email.com
10,Adelina,Ross,Adelina.Ross@email.com
11,Glen,Chevez,Glen.Chevez@email.com
12,Rachel,Franklin,Rachel.Franklin@email.com
13,Herman,Cooke,Herman.Cooke@email.com
14,James,Daugherty,James.Daugherty@email.com
15,Sharon,Bila,Sharon.Bila@email.com
16,Vicki,Landau,Vicki.Landau@email.com
17,Jesus,Evans,Jesus.Evans@email.com
18,Murray,Wilson,Murray.Wilson@email.com
19,Crystal,Juran,Crystal.Juran@email.com
20,Nicole,Nelson,Nicole.Nelson@email.com
