id,firstName,lastName,email
1,Sandra,Fitzpatrick,Sandra.Fitzpatrick@email.com
2,Betsy,Glatt,Betsy.Glatt@email.com
3,Whitney,Anderson,Whitney.Anderson@email.com
4,Monte,Mckay,Monte.Mckay@email.com
5,Rebecca,Taylor,Rebecca.Taylor@email.com
6,Melissa,Munoz,Melissa.Munoz@email.com
7,John,Bowman,John.Bowman@email.com
8,Amanda,Woodward,Amanda.Woodward@email.com
9,Joanna,Bingman,Joanna.Bingman@email.com
10,Carroll,Casteel,Carroll.Casteel@email.com
11,Alicia,Cullum,Alicia.Cullum@email.com
12,Laura,Schroot,Laura.Schroot@email.com
13,Aliza,Maxwell,Aliza.Maxwell@email.com
14,Renee,Topolosky,Renee.Topolosky@email.com
15,Jewel,Laney,Jewel.Laney@email.com
16,Alexander,Moore,Alexander.Moore@email.com
17,Stephen,Larue,Stephen.Larue@email.com
18,Joshua,Vanstee,Joshua.Vanstee@email.com
19,Rebecca,Thompson,Rebecca.Thompson@email.com
20,Andrew,Madonia,Andrew.Madonia@email.com
